<?xml version="1.0" encoding="UTF-8"?>
<configurationDescriptor version="100">
  <logicalFolder name="root" displayName="root" projectFiles="true" kind="ROOT">
    <logicalFolder name="HeaderFiles"
                   displayName="Header Files"
                   projectFiles="true">
      <itemPath>include/Bigrama.h</itemPath>
      <itemPath>include/ContadorBigramas.h</itemPath>
      <itemPath>include/Idioma.h</itemPath>
    </logicalFolder>
    <logicalFolder name="ResourceFiles"
                   displayName="Resource Files"
                   projectFiles="true">
    </logicalFolder>
    <logicalFolder name="SourceFiles"
                   displayName="Source Files"
                   projectFiles="true">
      <itemPath>src/Bigrama.cpp</itemPath>
      <itemPath>src/ContadorBigramas.cpp</itemPath>
      <itemPath>src/Idioma.cpp</itemPath>
      <itemPath>src/classify.cpp</itemPath>
    </logicalFolder>
    <logicalFolder name="TestFiles"
                   displayName="Test Files"
                   projectFiles="false"
                   kind="TEST_LOGICAL_FOLDER">
    </logicalFolder>
    <logicalFolder name="ExternalFiles"
                   displayName="Important Files"
                   projectFiles="false"
                   kind="IMPORTANT_FILES_FOLDER">
      <itemPath>Makefile</itemPath>
    </logicalFolder>
  </logicalFolder>
  <projectmakefile>Makefile</projectmakefile>
  <confs>
    <conf name="Debug" type="1">
      <toolsSet>
        <compilerSet>default</compilerSet>
        <dependencyChecking>true</dependencyChecking>
        <rebuildPropChanged>false</rebuildPropChanged>
      </toolsSet>
      <compileType>
        <ccTool>
          <standard>8</standard>
          <incDir>
            <pElem>include</pElem>
          </incDir>
        </ccTool>
      </compileType>
      <item path="include/Bigrama.h" ex="false" tool="3" flavor2="0">
      </item>
      <item path="include/ContadorBigramas.h" ex="false" tool="3" flavor2="0">
      </item>
      <item path="include/Idioma.h" ex="false" tool="3" flavor2="0">
      </item>
      <item path="src/Bigrama.cpp" ex="false" tool="1" flavor2="0">
      </item>
      <item path="src/ContadorBigramas.cpp" ex="false" tool="1" flavor2="0">
      </item>
      <item path="src/Idioma.cpp" ex="false" tool="1" flavor2="0">
      </item>
      <item path="src/classify.cpp" ex="false" tool="1" flavor2="0">
      </item>
    </conf>
    <conf name="Release" type="1">
      <toolsSet>
        <compilerSet>default</compilerSet>
        <dependencyChecking>true</dependencyChecking>
        <rebuildPropChanged>false</rebuildPropChanged>
      </toolsSet>
      <compileType>
        <cTool>
          <developmentMode>5</developmentMode>
        </cTool>
        <ccTool>
          <developmentMode>5</developmentMode>
        </ccTool>
        <fortranCompilerTool>
          <developmentMode>5</developmentMode>
        </fortranCompilerTool>
        <asmTool>
          <developmentMode>5</developmentMode>
        </asmTool>
      </compileType>
      <item path="include/Bigrama.h" ex="false" tool="3" flavor2="0">
      </item>
      <item path="include/ContadorBigramas.h" ex="false" tool="3" flavor2="0">
      </item>
      <item path="include/Idioma.h" ex="false" tool="3" flavor2="0">
      </item>
      <item path="src/Bigrama.cpp" ex="false" tool="1" flavor2="0">
      </item>
      <item path="src/ContadorBigramas.cpp" ex="false" tool="1" flavor2="0">
      </item>
      <item path="src/Idioma.cpp" ex="false" tool="1" flavor2="0">
      </item>
      <item path="src/classify.cpp" ex="false" tool="1" flavor2="0">
      </item>
    </conf>
  </confs>
</configurationDescriptor>
