<?xml version="1.0" encoding="UTF-8"?>
<project-private xmlns="http://www.netbeans.org/ns/project-private/1">
    <data xmlns="http://www.netbeans.org/ns/make-project-private/1">
        <activeConfTypeElem>1</activeConfTypeElem>
        <activeConfIndexElem>0</activeConfIndexElem>
    </data>
    <editor-bookmarks xmlns="http://www.netbeans.org/ns/editor-bookmarks/2" lastBookmarkId="0"/>
    <open-files xmlns="http://www.netbeans.org/ns/projectui-open-files/2">
        <group>
            <file>file:/mnt/sda5/Documentos/NetBeans%20Projects/Diccionario/include/Termino.h</file>
            <file>file:/mnt/sda5/Documentos/NetBeans%20Projects/Diccionario/include/Vector_Dinamico.h</file>
            <file>file:/mnt/sda5/Documentos/NetBeans%20Projects/Diccionario/include/Vector_Dinamico.tpp</file>
            <file>file:/mnt/sda5/Documentos/NetBeans%20Projects/Diccionario/src/pruebadiccionario.cpp</file>
            <file>file:/mnt/sda5/Documentos/NetBeans%20Projects/Diccionario/src/Diccionario.cpp</file>
            <file>file:/mnt/sda5/Documentos/NetBeans%20Projects/Diccionario/src/Termino.cpp</file>
            <file>file:/mnt/sda5/Documentos/NetBeans%20Projects/Diccionario/include/Diccionario.h</file>
        </group>
    </open-files>
</project-private>
